id,league,x_label,x_unit,x_step,x_min,x_max,y_label,y_unit,y_step,y_min,y_max,target_player,target_x,target_y,ref1_name,ref1_x,ref1_y,ref2_name,ref2_x,ref2_y,ref3_name,ref3_x,ref3_y,ref4_name,ref4_x,ref4_y,ref5_name,ref5_x,ref5_y,fact,source
nba-height-3p-nowitzki,NBA,Height,in,1,60,92,Career 3-point percentage,3P%,,0,48,Dirk Nowitzki,84,38,Muggsy Bogues,63,27.8,Reggie Miller,79,39.5,Shaquille O'Neal,85,4.5,,,,,,,"Dirk Nowitzki stood 7'0"" (84 inches) - nearly as tall as Shaquille O'Neal (7'1"", 85 inches) - but shot 38.0% from three for his career, worlds ahead of Shaq's 4.5% (Shaq made exactly one three-pointer in 22 career attempts). Dirk even out-shot Muggsy Bogues, the shortest player in NBA history at 5'3"", who hit 27.8% from deep. Reggie Miller (6'7"", 39.5%) is the archetype pure sharpshooter - and Dirk, nearly half a foot taller, wasn't far behind him at all.",StatMuse / Basketball-Reference height and career 3-point percentage.
nba-mpg-ppg-williams,NBA,Career minutes per game,MPG,,16,40,Career points per game,PPG,,8,28,Lou Williams,24.1,13.9,Manu Ginobili,25.4,13.3,DeMar DeRozan,34.5,21.1,Kobe Bryant,36.1,25,,,,,,,"Lou Williams built a three-time Sixth Man of the Year career on 24.1 minutes a game — barely two-thirds of Kobe Bryant's 36.1-minute workload — while still averaging 13.9 points, close to a full starter's production squeezed into a bench role. Manu Ginobili (25.4 MPG, 13.3 PPG) landed in almost the exact same zone despite a Hall-of-Fame resume, deployed off the bench by design for most of his prime. DeMar DeRozan (34.5 MPG, 21.1 PPG) shows the traditional high-usage starter workload both bench legends were compared against, not with.",StatMuse career per-game averages (regular season).
nba-ppg-stuff-green,NBA,Career points per game,PPG,,4,28,Career rebounds + assists per game,REB+AST,,4,20,Draymond Green,8.7,12.4,Klay Thompson,18.6,5.6,Russell Westbrook,20.9,14.9,Nikola Jokic,22.2,18.6,,,,,,,"Draymond Green scores less than half of what Klay Thompson does (8.7 PPG to 18.6) but combines for more rebounds and assists (12.4 to Klay's 5.6) — real proof a player can be a genuine star without scoring like one. Russell Westbrook (20.9 PPG, 14.9 combined) shows what happens when high scoring and stat-stuffing coexist, and Nikola Jokic (22.2 PPG, 18.6 combined) is the current extreme: elite at both at once, a center who also leads the league in rebounds and assists.",StatMuse career per-game averages (regular season).
nfl-ypg-tds-taylor,NFL,Rushing yards per game (season),YPG,,80,140,Rushing touchdowns (season),TDs,1,8,24,"Jonathan Taylor, 2021",106.5,18,"Christian McCaffrey, 2023",91.2,14,"Derrick Henry, 2020",126.7,17,"Adrian Peterson, 2012",131.1,12,,,,,,,"Jonathan Taylor's 2021 season is the counterintuitive one here: his 106.5 rushing yards per game is actually the lowest of these four seasons, yet his 18 rushing touchdowns is the highest — the 17-game season gave him an extra game, and a huge share of his team's goal-line work. Adrian Peterson's 2012 MVP season (131.1 YPG) is the opposite profile: gaining more yards per game than anyone here, but with the fewest touchdowns.",Pro Football Reference / StatMuse season totals. Yards-per-game computed from confirmed season yardage ÷ games played.
nba-stl-blk-pippen,NBA,Career steals per game,SPG,,0,2.8,Career blocks per game,BPG,,0,3.6,Scottie Pippen,2,0.8,Dikembe Mutombo,0.4,2.8,John Stockton,2.2,0.2,Hakeem Olajuwon,1.7,3.1,,,,,,,"Scottie Pippen's 2.0 steals and 0.8 blocks a game is a genuinely rare wing profile — enough blocks to suggest a rim-protecting big, delivered by a 6'8"" forward who also picked pockets like a guard. Dikembe Mutombo (0.4 / 2.8) and John Stockton (2.2 / 0.2) are the two specialist extremes this pairing usually produces: a pure rim-protector and a pure ball-hawk. Hakeem Olajuwon (1.7 / 3.1) is the rare exception who tops both — a center with a guard's hands and a shot-blocker's timing.",StatMuse career per-game averages (regular season).
nba-fga-ts-jordan,NBA,Career field goal attempts per game,FGA,,4,28,Career true shooting percentage,TS%,,48,68,Michael Jordan,22.9,56.9,Allen Iverson,21.8,51.8,Stephen Curry,17.9,62.6,DeAndre Jordan,5.1,64.4,,,,,,,"Michael Jordan took more shots per game (22.9) than anyone else here — even more than Allen Iverson (21.8), the standard reference for a pure volume scorer. But his efficiency (56.9 TS%) sits well below the elite tier: Stephen Curry (62.6) gets nearly as many shots up at a far higher efficiency, and DeAndre Jordan (64.4) shows the opposite extreme — a role player who barely shoots (5.1 attempts a game) but converts at an absurd rate, mostly dunks and putbacks. Jordan's greatness came from volume and shot difficulty, not from posting efficiency numbers like the specialists at either end of this chart.",StatMuse career true shooting percentage and field goal attempts per game (regular season).
nfl-int-td-winston,NFL,Career interception percentage,INT%,,1,4.2,Career touchdown percentage,TD%,,3,7,Jameis Winston,3.5,4.8,Alex Smith,2.1,3.8,Brett Favre,3.3,5,Aaron Rodgers,1.4,6,,,,,,,"Jameis Winston throws touchdowns at almost the same rate as Brett Favre (4.8% vs. 5.0%) — but his interception rate (3.5%) is even higher than Favre's, the quarterback whose whole reputation is built on high-risk gunslinging. Alex Smith (2.1% / 3.8%) is the pure game-manager opposite: low risk, low reward. Aaron Rodgers (1.4% / 6.0%) shows the tradeoff isn't actually mandatory — the best touchdown rate in this set paired with the best career interception percentage in NFL history.",StatMuse career passing touchdown percentage and interception percentage.
nba-as-ppg-randolph,NBA,Career All-Star selections,AS,1,0,16,Career points per game,PPG,,12,28,Zach Randolph,2,16.6,Joe Johnson,7,16,Vince Carter,8,16.7,Karl Malone,14,25,,,,,,,"Zach Randolph made just 2 All-Star teams in his career — yet his 16.6 career points per game is basically identical to Joe Johnson's 16.0 (7 All-Star nods) and Vince Carter's 16.7 (8 nods). All-Star selections reward more than raw scoring average — team success, era, and position all factor in — and Randolph's Memphis grit-and-grind identity earned him far less recognition than his actual production. Karl Malone (14 AS, 25.0 PPG) anchors the other extreme: a player whose selections actually matched his all-time-great scoring.",StatMuse career per-game averages and career All-Star selection counts.
nfl-pb-recyds-boldin,NFL,Career Pro Bowl selections,PB,1,0,16,Career receiving yards,yards,1,10000,26000,Anquan Boldin,3,13779,Randy Moss,6,15292,Larry Fitzgerald,11,17492,Jerry Rice,13,22895,,,,,,,"Anquan Boldin made only 3 Pro Bowls in his career, but his 13,779 receiving yards is within shouting distance of Randy Moss's 15,292 — a player who made twice as many Pro Bowls. Boldin's game was built on contested catches and physicality rather than the highlight-reel speed that tends to win Pro Bowl votes, and it cost him recognition his production arguably earned. Jerry Rice (13 PB, 22,895 yards) remains the standard nobody else in NFL history has matched.",StatMuse / Pro Football Reference career Pro Bowl selections and receiving yards.
mlb-as-hr-abreu,MLB,Career All-Star selections,AS,1,0,16,Career home runs,HR,1,200,800,Bobby Abreu,2,288,Adam Dunn,2,462,Ken Griffey Jr.,13,630,Alex Rodriguez,14,696,,,,,,,"Bobby Abreu and Adam Dunn each made exactly 2 All-Star teams — but Dunn hit 174 more career home runs (462 to Abreu's 288). Abreu's value came from on-base percentage, doubles, and stolen bases rather than pure power, a game sabermetricians rate highly but All-Star voters historically haven't rewarded the same way as a big home run total. Griffey (13 AS, 630 HR) and Rodriguez (14 AS, 696 HR) show what it looks like when a player's power and his recognition actually line up.",StatMuse career All-Star selections and home run totals.
mlb-as-hr-carew,MLB,Career All-Star selections,AS,1,0,20,Career home runs,HR,1,0,800,Rod Carew,18,92,Alan Trammell,6,185,Gary Sheffield,9,509,George Brett,13,317,,,,,,,"Rod Carew was an All-Star in 18 different seasons — more than George Brett (13) or Gary Sheffield (9) — and hit 92 home runs in his entire career. Sheffield hit 509. Carew's case was built almost entirely on batting average and on-base skill: he won seven batting titles and reached base constantly, which is a kind of stardom the home-run column simply doesn't record.","Lahman / Chadwick Bureau baseball databank (core/Batting.csv, core/AllstarFull.csv). Career regular-season totals summed by playerID; All-Star selections counted as distinct years."
mlb-sb-hr-smith,MLB,Career stolen bases,SB,1,0,800,Career home runs,HR,1,0,800,Ozzie Smith,580,28,Fred McGriff,72,493,Mike Schmidt,174,548,Andre Dawson,314,438,,,,,,,"Ozzie Smith stole 580 bases and hit 28 home runs — for his whole career. Andre Dawson, the closest of these three in steals at 314, hit 438. Smith is the clearest case in baseball of a first-ballot Hall of Famer whose value lived almost entirely in places the box score barely tracks: defense at shortstop, and legs.","Lahman / Chadwick Bureau baseball databank (core/Batting.csv, core/AllstarFull.csv). Career regular-season totals summed by playerID; All-Star selections counted as distinct years."
mlb-2b-hr-killebrew,MLB,Career doubles,2B,1,250,650,Career home runs,HR,1,100,900,Harmon Killebrew,290,573,Tim Raines,430,170,Rickey Henderson,510,297,Eddie Murray,560,504,,,,,,,"Harmon Killebrew hit 573 home runs and only 290 doubles — nearly twice as many homers as doubles, which is close to backwards for a hitter. Eddie Murray, with a similar 504 home runs, hit 560 doubles. Killebrew simply didn't hit many balls that stayed in the park: he either cleared the fence or he didn't.","Lahman / Chadwick Bureau baseball databank (core/Batting.csv, core/AllstarFull.csv). Career regular-season totals summed by playerID; All-Star selections counted as distinct years."
mlb-avg-hr-cobb,MLB,Career batting average,AVG,0.001,0.225,0.425,Career home runs,HR,1,0,800,Ty Cobb,0.366,117,Andruw Jones,0.254,434,Barry Larkin,0.295,198,Ted Williams,0.344,521,,,,,,,"Ty Cobb's .366 career batting average is the highest in major-league history, and he hit 117 home runs doing it — fewer than a quarter of Ted Williams' 521, and Williams is the one player here who did both. Cobb played nearly his whole career in the dead-ball era, when the game was built on contact, speed and place-hitting rather than power.",Lahman / Chadwick Bureau baseball databank (core/Batting.csv). Career regular-season totals summed by playerID; batting average computed as H/AB.
mlb-sb-hr-raines,MLB,Career stolen bases,SB,1,0,2000,Career home runs,HR,1,100,900,Tim Raines,808,170,Mark McGwire,12,583,Mike Schmidt,174,548,Rickey Henderson,1406,297,,,,,,,"Tim Raines stole 808 bases — more than four times Mike Schmidt's and Mark McGwire's combined — while hitting 170 home runs. He is second on this chart in steals and still miles behind Rickey Henderson's 1,406, which is the single most untouchable counting record in baseball. Raines waited ten years on the Hall of Fame ballot largely because the skills he was best at don't photograph well.","Lahman / Chadwick Bureau baseball databank (core/Batting.csv, core/AllstarFull.csv). Career regular-season totals summed by playerID; All-Star selections counted as distinct years."
mlb-so-hr-ruth,MLB,Career strikeouts,SO,1,1000,3000,Career home runs,HR,1,200,1000,Babe Ruth,1330,714,Bernie Williams,1212,287,Willie McCovey,1550,521,Reggie Jackson,2597,563,,,,,,,"Babe Ruth struck out 1,330 times, which was considered reckless in his era — and it is fewer strikeouts than Willie McCovey, Reggie Jackson, or plenty of ordinary modern hitters. He hit 714 home runs against them. Reggie Jackson, the all-time strikeout leader at 2,597, needed nearly twice as many strikeouts to hit 563.","Lahman / Chadwick Bureau baseball databank (core/Batting.csv, core/AllstarFull.csv). Career regular-season totals summed by playerID; All-Star selections counted as distinct years."
nfl-passtd-int-manning-2013,NFL,Interceptions (season),INT,1,0,40,Passing touchdowns (season),TDs,1,15,35,"Eli Manning, 2013",27,18,"Aaron Rodgers, 2018",2,25,"Peyton Manning, 2003",10,29,"Ben Roethlisberger, 2013",14,28,,,,,,,"Eli Manning threw 27 interceptions and 18 touchdowns in 2013 — one of the very few modern seasons where a full-time starter finished with more interceptions than touchdown passes. Ben Roethlisberger, playing the same season, threw 28 touchdowns against 14 picks. Manning won two Super Bowl MVPs and also produced this.",nflverse-data player_stats release. Regular-season weekly rows aggregated by player_id and season.
nfl-ypc-rushyds-achane-2023,NFL,Yards per carry (season),YPC,0.1,2,10,Rushing yards (season),yards,1,700,1500,"Devon Achane, 2023",7.8,800,"Jamal Lewis, 2005",3.4,906,"Steven Jackson, 2009",4.4,1424,"Lamar Jackson, 2019",6.9,1206,,,,,,,"Devon Achane averaged 7.8 yards per carry as a rookie in 2023 — a figure that would be an all-time record over a full workload — and finished with 800 rushing yards, the fewest on this chart. He was that efficient precisely because he was used sparingly. Volume and efficiency in the running game usually pull against each other, and this is the cleanest example of it.",nflverse-data player_stats release. Regular-season weekly rows aggregated by player_id and season.
nfl-rushyds-recyds-alexander-2005,NFL,Rushing yards (season),yards,1,500,2500,Receiving yards (season),yards,1,0,800,"Shaun Alexander, 2005",1880,78,"Matt Forte, 2016",813,263,"Steven Jackson, 2005",1046,320,"Fred Taylor, 2002",1314,408,,,,,,,"Shaun Alexander's 2005 MVP season was 1,880 rushing yards and 78 receiving yards. Fred Taylor, with 566 fewer rushing yards, had five times the receiving production. Alexander was a pure between-the-tackles runner in an offense that never asked him to catch anything — a role that has essentially disappeared from the modern NFL.",nflverse-data player_stats release. Regular-season weekly rows aggregated by player_id and season.
nfl-rec-recyds-welker-2007,NFL,Receptions (season),rec,1,70,150,Receiving yards (season),yards,1,1150,1350,"Wes Welker, 2007",112,1175,"Terrell Owens, 2004",77,1200,"Calvin Johnson, 2015",88,1214,"Torry Holt, 2005",102,1331,,,,,,,"Wes Welker caught 112 passes in 2007 — the most on this chart by ten — for 1,175 yards, which is fewer than Terrell Owens gained on 35 fewer catches. That is 10.5 yards a reception against Owens' 15.6. Welker's whole game was volume underneath, and it made him one of the most productive receivers of his era without ever being a deep threat.",nflverse-data player_stats release. Regular-season weekly rows aggregated by player_id and season.
nfl-rushypg-td-dillon-2006,NFL,Rushing yards per game (season),YPG,0.1,40,120,Rushing touchdowns (season),TDs,1,0,20,"Corey Dillon, 2006",50.8,13,"Lamar Jackson, 2021",63.9,2,"Steven Jackson, 2011",76.3,5,"Adrian Peterson, 2013",90.4,10,,,,,,,"Corey Dillon rushed for 50.8 yards a game in 2006 — the least of these four — and scored 13 rushing touchdowns, the most. Adrian Peterson needed nearly twice the yardage per game to score ten. Dillon was splitting carries with Laurence Maroney by then but kept the goal-line work, which is the single most efficient way to look productive in the column fans actually remember.",nflverse-data player_stats release. Regular-season weekly rows aggregated by player_id and season.
nfl-passtd-int-rodgers-2011,NFL,Interceptions (season),INT,1,0,20,Passing touchdowns (season),TDs,1,15,55,"Aaron Rodgers, 2011",6,45,"Justin Herbert, 2022",10,25,"Eli Manning, 2017",13,19,"Peyton Manning, 2014",15,39,,,,,,,"Aaron Rodgers threw 45 touchdowns against 6 interceptions in 2011, a ratio of 7.5 to 1 in a season where he also posted the highest single-season passer rating in NFL history at the time. Peyton Manning's 2014 — 39 touchdowns, 15 picks — is an excellent season and is not close to this.",nflverse-data player_stats release. Regular-season weekly rows aggregated by player_id and season.
nba-fga-ts-davis-2003,NBA,Field goal attempts per game (season),FGA,0.1,10,30,True shooting percentage (season),TS%,0.1,47.5,67.5,"Baron Davis, 2003-04",20.9,49.2,"Aaron Gordon, 2022-23",11.2,61.7,"Bam Adebayo, 2023-24",14.3,57.6,"Vince Carter, 2002-03",17.7,53.2,,,,,,,"Baron Davis took 20.9 shots a game in 2003-04 — more than anyone else here — and converted at a 49.2 true shooting percentage, the worst of the four by eight points. Aaron Gordon's 2022-23 is the mirror image: barely half the shots, and the most efficient season on the chart. Volume scoring and efficient scoring are close to opposite skills, and the box score rewards the first one.","stats.nba.com leaguedashplayerstats, via the sportsdataverse/hoopR nba_stats_player_season_stats release. Regular-season per-game averages."
nba-ppg-ra-walker-2018,NBA,Points per game (season),PPG,0.1,12.5,32.5,Rebounds + assists per game (season),REB+AST,0.1,9,17,"Kemba Walker, 2018-19",25.6,10.3,"Tim Duncan, 2011-12",15.4,11.3,"Bam Adebayo, 2021-22",19.1,13.5,"Karl Malone, 2000-01",23.2,12.8,,,,,,,"Kemba Walker scored 25.6 a game in 2018-19, the most here by two points over Karl Malone's 2000-01 — and contributed the fewest rebounds and assists of the four. Tim Duncan, ten points behind him in scoring, out-produced him everywhere else. Walker was an All-NBA guard that year on almost pure scoring volume.","stats.nba.com leaguedashplayerstats, via the sportsdataverse/hoopR nba_stats_player_season_stats release. Regular-season per-game averages."
nba-usg-ts-allen-2020,NBA,Usage rate (season),USG%,0.1,12.5,32.5,True shooting percentage (season),TS%,0.1,45,85,"Jarrett Allen, 2020-21",16.3,66.1,"Marc Gasol, 2012-13",19.2,55.9,"Baron Davis, 2009-10",23.7,50.1,"Zach Randolph, 2008-09",27.7,53.1,,,,,,,"Jarrett Allen used 16.3% of his team's possessions in 2020-21 — the lowest share on this chart — and finished with a 66.1 true shooting percentage, the highest by ten points. That is the role-player bargain in one data point: he only ever shot when it was already a good shot. Zach Randolph used almost twice the possessions to score far less efficiently.","stats.nba.com leaguedashplayerstats, via the sportsdataverse/hoopR nba_stats_player_season_stats release. Regular-season per-game averages."
nba-ppg-ra-williamson-2020,NBA,Points per game (season),PPG,0.1,12.5,32.5,Rebounds + assists per game (season),REB+AST,0.1,10.5,14.5,"Zion Williamson, 2020-21",27,10.9,"Shawn Marion, 2007-08",15.4,12.4,"Bam Adebayo, 2021-22",19.1,13.5,"Ja Morant, 2024-25",23.2,11.4,,,,,,,"Zion Williamson averaged 27.0 points in 2020-21 — more than Ja Morant's best scoring season here — while his rebounds and assists combined stayed at 10.9, below Bam Adebayo's 13.5 on eight fewer points a game. Williamson's production is unusually concentrated: he is one of the most efficient interior scorers on record and does comparatively little of everything else.","stats.nba.com leaguedashplayerstats, via the sportsdataverse/hoopR nba_stats_player_season_stats release. Regular-season per-game averages."
nba-mpg-ppg-marion-2004,NBA,Minutes per game (season),MPG,0.1,30,40,Points per game (season),PPG,0.1,18,26,"Shawn Marion, 2004-05",38.8,19.4,"Nikola Vučević, 2018-19",31.4,20.8,"CJ McCollum, 2020-21",34,23.1,"Paul Pierce, 2004-05",36.1,21.6,,,,,,,"Shawn Marion played 38.8 minutes a game in 2004-05, the most on this chart, and scored the fewest points of the four. Nikola Vučević scored more in seven fewer minutes. Marion was the defensive engine of a 62-win Suns team that ran its offense through Steve Nash and Amar'e Stoudemire — minutes measure trust, not usage.","stats.nba.com leaguedashplayerstats, via the sportsdataverse/hoopR nba_stats_player_season_stats release. Regular-season per-game averages."
nba-stl-blk-nowitzki-2005,NBA,Steals per game (season),SPG,0.1,0.5,1.5,Blocks per game (season),BPG,0.1,0.3,1.1,"Dirk Nowitzki, 2005-06",0.7,1,"CJ McCollum, 2024-25",0.8,0.4,"Draymond Green, 2023-24",1,0.9,"Kobe Bryant, 2006-07",1.4,0.5,,,,,,,"In his 2005-06 MVP-calibre season Dirk Nowitzki blocked more shots (1.0 a game) than he took steals (0.7) — the only player here that's true of, and a genuinely unusual shape for a perimeter-oriented seven-footer. Kobe Bryant, playing guard, had twice the steals and half the blocks.","stats.nba.com leaguedashplayerstats, via the sportsdataverse/hoopR nba_stats_player_season_stats release. Regular-season per-game averages."
nba-usg-ts-webber-2000,NBA,Usage rate (season),USG%,0.1,0,40,True shooting percentage (season),TS%,0.1,50,70,"Chris Webber, 2000-01",31.1,51.6,"P.J. Tucker, 2022-23",6.6,56.6,"JJ Redick, 2018-19",20.9,60.2,"Marc Gasol, 2016-17",26.2,55.4,,,,,,,"Chris Webber used 31.1% of Sacramento's possessions in 2000-01, the highest share here by five points, and turned them into a 51.6 true shooting percentage — the lowest. JJ Redick, at two-thirds the usage, was nine points more efficient. Usage measures how often an offense runs through you, not how well it works when it does.","stats.nba.com leaguedashplayerstats, via the sportsdataverse/hoopR nba_stats_player_season_stats release. Regular-season per-game averages."
nba-fga-ts-aldridge-2014,NBA,Field goal attempts per game (season),FGA,0.1,10,30,True shooting percentage (season),TS%,0.1,50,70,"LaMarcus Aldridge, 2014-15",19.9,52.8,"Shaquille O'Neal, 2008-09",11.2,62.3,"Bam Adebayo, 2024-25",14.3,56.1,"LeBron James, 2013-14",17.6,64.9,,,,,,,"LaMarcus Aldridge took 19.9 shots a game in 2014-15 and posted a 52.8 true shooting percentage. LeBron James, taking two fewer shots that same era, scored at 64.9 — twelve points better. Aldridge's signature shot was the long two, the least efficient in basketball, and it is the single clearest reason the league stopped taking it.","stats.nba.com leaguedashplayerstats, via the sportsdataverse/hoopR nba_stats_player_season_stats release. Regular-season per-game averages."
mlb-as-hr-bagwell,MLB,Career All-Star selections,AS,1,0,20,Career home runs,HR,1,100,500,Jeff Bagwell,4,449,Tim Raines,7,170,Kirby Puckett,10,207,Derek Jeter,14,260,,,,,,,"Jeff Bagwell hit 449 home runs and made four All-Star teams. Kirby Puckett, with 242 fewer homers, made ten. Bagwell won an MVP and an unanimous one at that, yet spent his career in Houston behind a wall of first basemen who were more famous than he was — All-Star voting measures how well known you are at least as much as how good.","Lahman / Chadwick Bureau baseball databank (core/Batting.csv, core/AllstarFull.csv). Career regular-season totals summed by playerID; All-Star selections counted as distinct years."
mlb-avg-hr-gwynn,MLB,Career batting average,AVG,0.001,0.27,0.35,Career home runs,HR,1,0,800,Tony Gwynn,0.338,135,Andre Dawson,0.279,438,Barry Larkin,0.295,198,Derek Jeter,0.31,260,,,,,,,"Tony Gwynn hit .338 for his career, the highest of any player since Ted Williams retired, and hit 135 home runs doing it — fewer than a third of Andre Dawson's 438. Gwynn struck out 434 times in twenty seasons; plenty of modern hitters manage that in three. He was the last great practitioner of a style of hitting the sport has essentially stopped teaching.",Lahman / Chadwick Bureau baseball databank (core/Batting.csv). Career regular-season totals summed by playerID; batting average computed as H/AB.
mlb-sb-hr-lofton,MLB,Career stolen bases,SB,1,0,800,Career home runs,HR,1,0,800,Kenny Lofton,622,130,Fred McGriff,72,493,Mike Schmidt,174,548,Andre Dawson,314,438,,,,,,,"Kenny Lofton stole 622 bases — more than Mike Schmidt, Fred McGriff and Andre Dawson combined, several times over — and hit 130 home runs. He fell off the Hall of Fame ballot after a single year, which is the sort of thing that happens to players whose value came from getting on base and then running, neither of which anybody built a highlight reel around.","Lahman / Chadwick Bureau baseball databank (core/Batting.csv, core/AllstarFull.csv). Career regular-season totals summed by playerID; All-Star selections counted as distinct years."
mlb-2b-hr-mcgwire,MLB,Career doubles,2B,1,200,600,Career home runs,HR,1,100,900,Mark McGwire,252,583,Tim Raines,430,170,Rickey Henderson,510,297,Eddie Murray,560,504,,,,,,,"Mark McGwire hit 583 home runs and 252 doubles — more than twice as many homers as doubles, which is close to backwards for a hitter. Eddie Murray, with 79 fewer home runs, hit more than double the doubles. McGwire hit the ball over the fence or not at all: he also drew 1,317 walks because pitchers stopped giving him anything to hit.","Lahman / Chadwick Bureau baseball databank (core/Batting.csv, core/AllstarFull.csv). Career regular-season totals summed by playerID; All-Star selections counted as distinct years."
mlb-avg-hr-bench,MLB,Career batting average,AVG,0.001,0.25,0.45,Career home runs,HR,1,50,450,Johnny Bench,0.267,389,Yogi Berra,0.285,358,George Brett,0.305,317,Ty Cobb,0.366,117,,,,,,,"Johnny Bench hit .267 with 389 home runs — the lowest average here by a distance, and more homers than George Brett and Yogi Berra. Ty Cobb, a hundred points of average higher, hit 117. Bench was the best defensive catcher who ever lived and hit like a corner slugger, which is why the batting average almost nobody remembers is the one number that looks ordinary.",Lahman / Chadwick Bureau baseball databank (core/Batting.csv). Career regular-season totals summed by playerID; batting average computed as H/AB.
nfl-ypc-rushyds-jackson-2023,NFL,Yards per carry (season),YPC,0.1,3,7,Rushing yards (season),yards,1,700,1500,"Lamar Jackson, 2023",5.5,821,"Jamal Lewis, 2005",3.4,906,"Curtis Martin, 2002",4.2,1094,"Le'Veon Bell, 2014",4.7,1361,,,,,,,"Lamar Jackson averaged 5.5 yards a carry in 2023 — well clear of Jamal Lewis and Adrian Peterson here — for 821 rushing yards, the fewest of the four. He is a quarterback: the efficiency comes from running only when the defense has already lost, and the volume stays low because running is the fallback, not the plan.","nflverse-data player_stats release, regular-season weekly rows aggregated by player_id and season. Season yardage is derived from play-by-play and can differ from official gamebook totals by a yard or two."
nba-fga-ts-gobert-2023,NBA,Field goal attempts per game (season),FGA,0.1,5,45,True shooting percentage (season),TS%,0.1,45,85,"Rudy Gobert, 2023-24",8.1,67.5,"Deandre Ayton, 2018-19",12.3,60.8,"Karl Malone, 2000-01",16.6,57.2,"Allen Iverson, 2001-02",27.8,48.9,,,,,,,"Rudy Gobert took 8.1 shots a game in 2023-24 and made them at a 67.5 true shooting percentage. Allen Iverson's 2001-02 is the exact inverse: 27.8 attempts at 48.9. Gobert essentially only shoots dunks and layups created by someone else, which is why he leads the league in efficiency and why nobody has ever built an offense around him.","stats.nba.com leaguedashplayerstats, via the sportsdataverse/hoopR nba_stats_player_season_stats release. Regular-season per-game averages."
nba-fga-ts-jamison-2000,NBA,Field goal attempts per game (season),FGA,0.1,7.5,27.5,True shooting percentage (season),TS%,0.1,47.5,67.5,"Antawn Jamison, 2000-01",22.1,49.9,"Shaquille O'Neal, 2008-09",11.2,62.3,"Bam Adebayo, 2024-25",14.3,56.1,"Paul George, 2020-21",17.6,59.8,,,,,,,"Antawn Jamison took 22.1 shots a game in 2000-01 and posted a 49.9 true shooting percentage — the most shots here and the worst efficiency, on a Golden State team that won 17 games. Shaquille O'Neal's 2008-09, at half the volume, was 12 points more efficient. Somebody has to shoot on a bad team, and the numbers it produces look like stardom without being it.","stats.nba.com leaguedashplayerstats, via the sportsdataverse/hoopR nba_stats_player_season_stats release. Regular-season per-game averages."
nba-mpg-ppg-wall-2010,NBA,Minutes per game (season),MPG,0.1,30,40,Points per game (season),PPG,0.1,15,35,"John Wall, 2010-11",37.8,16.4,"Lauri Markkanen, 2024-25",31.4,19.0,"Anthony Davis, 2022-23",34.0,25.9,"Kyrie Irving, 2024-25",36.1,24.7,,,,,,,"John Wall played 37.8 minutes a game as a rookie in 2010-11 — more than anyone else on this chart — and scored 16.4 points, the fewest. Lauri Markkanen scored more in six fewer minutes. Wall was the first pick on a 23-win team, which buys you every minute available and very little help scoring.","stats.nba.com leaguedashplayerstats, via the sportsdataverse/hoopR nba_stats_player_season_stats release. Regular-season per-game averages."
nba-usg-ts-vucevic-2020,NBA,Usage rate (season),USG%,0.1,0,40,True shooting percentage (season),TS%,0.1,55,63,"Nikola Vučević, 2020-21",29.2,56.0,"P.J. Tucker, 2022-23",6.6,56.6,"Kyle Lowry, 2020-21",20.9,59.3,"DeMar DeRozan, 2019-20",26.2,60.3,,,,,,,"Nikola Vučević used 29.2% of Orlando's possessions in 2020-21 at a 56.0 true shooting percentage. DeMar DeRozan, at 26.2% usage, was four points more efficient, and Kyle Lowry more efficient still on far fewer. High usage on a team without a better option is a description of the roster, not a measure of the player.","stats.nba.com leaguedashplayerstats, via the sportsdataverse/hoopR nba_stats_player_season_stats release. Regular-season per-game averages."
nba-mpg-ppg-brand-2000,NBA,Minutes per game (season),MPG,0.1,30,50,Points per game (season),PPG,0.1,19,27,"Elton Brand, 2000-01",39.3,20.1,"Nikola Vučević, 2018-19",31.4,20.8,"CJ McCollum, 2020-21",34.0,23.1,"De'Aaron Fox, 2024-25",36.1,23.5,,,,,,,"Elton Brand played 39.3 minutes a game in 2000-01 — the most on this chart — and scored 20.1 points, the fewest. He was 22, Rookie of the Year the season before, and playing for a Chicago team that won 15 games. Minutes at that age are usually a sign nobody else on the roster can be trusted with them.","stats.nba.com leaguedashplayerstats, via the sportsdataverse/hoopR nba_stats_player_season_stats release. Regular-season per-game averages."
nfl-rec-recyds-mccaffrey-2019,NFL,Receptions (season),rec,1,70,150,Receiving yards (season),yards,1,900,1700,"Christian McCaffrey, 2019",116,1005,"Terrell Owens, 2004",77,1200,"Antonio Gates, 2005",89,1101,"Justin Jefferson, 2024",103,1533,,,,,,,"Christian McCaffrey caught 116 passes in 2019 — more than Terrell Owens, Antonio Gates or Justin Jefferson in any of these seasons — for 1,005 yards, the fewest of the four. He is a running back. Jefferson needed 13 fewer catches to gain 528 more yards, because his came 15 yards downfield and McCaffrey's came at the line of scrimmage.","nflverse-data player_stats release, regular-season weekly rows aggregated by player_id and season. Season yardage is derived from play-by-play and can differ from official gamebook totals by a yard or two."
nfl-rec-recyds-gronkowski-2017,NFL,Receptions (season),rec,1,60,140,Receiving yards (season),yards,1,850,1250,"Rob Gronkowski, 2017",69,1084,"DeAndre Hopkins, 2016",78,954,"Amon-Ra St. Brown, 2021",90,912,"Chris Godwin, 2022",104,1023,,,,,,,"Rob Gronkowski caught 69 passes in 2017 — the fewest here by nine — and gained 1,084 yards, the most. That is 15.7 yards a catch from a tight end, a position that exists to convert third and four. Chris Godwin needed 35 more receptions to gain 61 fewer yards.","nflverse-data player_stats release, regular-season weekly rows aggregated by player_id and season. Season yardage is derived from play-by-play and can differ from official gamebook totals by a yard or two."
nfl-rushypg-td-charles-2012,NFL,Rushing yards per game (season),YPG,0.1,50,130,Rushing touchdowns (season),TDs,1,0,20,"Jamaal Charles, 2012",94.3,5,"Nick Chubb, 2018",62.2,8,"Jonathan Taylor, 2023",74.1,7,"Arian Foster, 2012",89.0,15,,,,,,,"Jamaal Charles gained 94.3 rushing yards a game in 2012, the most on this chart, and scored five touchdowns. Arian Foster, five yards a game behind him, scored fifteen. Kansas City used Peyton Hillis and Shaun Draughn at the goal line, so Charles did the work that moves the ball and someone else did the work that shows up in fantasy scoring.","nflverse-data player_stats release, regular-season weekly rows aggregated by player_id and season. Season yardage is derived from play-by-play and can differ from official gamebook totals by a yard or two."
nfl-rec-recyds-brown-2022,NFL,Receptions (season),rec,1,70,110,Receiving yards (season),yards,1,1100,1900,"Amon-Ra St. Brown, 2022",106,1161,"Terrell Owens, 2004",77,1200,"A.J. Brown, 2022",88,1496,"Larry Fitzgerald, 2005",103,1409,,,,,,,"Amon-Ra St. Brown caught 106 passes in 2022 for 1,161 yards. A.J. Brown, that same season, caught 18 fewer for 335 more. Both are excellent receivers doing entirely different jobs: one lives in the slot and moves the chains, the other runs past people. The catch column flatters the first and the yardage column flatters the second.","nflverse-data player_stats release, regular-season weekly rows aggregated by player_id and season. Season yardage is derived from play-by-play and can differ from official gamebook totals by a yard or two."
nfl-rushyds-recyds-white-2024,NFL,Rushing yards (season),yards,1,500,1500,Receiving yards (season),yards,1,275,475,"Rachaad White, 2024",613,393,"Josh Jacobs, 2023",805,296,"Rhamondre Stevenson, 2022",1040,421,"LeSean McCoy, 2011",1309,315,,,,,,,"Rachaad White gained 613 rushing yards in 2024 — the fewest here by nearly 200 — and 393 through the air, more than LeSean McCoy or Josh Jacobs managed in seasons where they ran for twice as much. Nearly 40% of White's offense came as a receiver, a split that would have been unthinkable for a starting back a generation ago.","nflverse-data player_stats release, regular-season weekly rows aggregated by player_id and season. Season yardage is derived from play-by-play and can differ from official gamebook totals by a yard or two."
